Вопрос;Вариант ответа;Что показать на демонстрации;На чём сделать акцент
1. Расчётные листки;На бумаге / лично;Отправка расчётных листков из 1С + подтверждение ознакомления;Штрафы; тайна зарплаты; можно быстро найти подтверждение
1. Расчётные листки;Почта / мессенджеры / без подтверждения;Юридически значимое ознакомление;Персональные данные нельзя слать в мессенджеры
1. Расчётные листки;Уже через личный кабинет;Коротко или пропуск;Не тратить время
2. Что отвлекает кадры/расчёт;Где расчётный листок / сколько к выплате;Главный экран сотрудника;Меньше обращений
2. Что отвлекает кадры/расчёт;Справки 2-НДФЛ / с места работы;Заказ справок из кабинета;Без визита в кадры
2. Что отвлекает кадры/расчёт;Остаток отпуска / когда отпуск;Остаток + калькулятор + график;Самообслуживание
2. Что отвлекает кадры/расчёт;Заявления на отпуск/отгул/отсутствие;Заявление → задача → документ в 1С;Без повторного ввода
2. Что отвлекает кадры/расчёт;Вычеты / смена персональных данных;Вычет со сканами; изменение личных данных;Юридически значимо
3. География;Много удалёнки/филиалов/разъездов;Мобильное приложение + подписание с телефона;Без курьеров и поездок
3. География;Частично;Короткий мобильный блок;Подпись онлайн
3. География;Все в одном офисе;Акцент на скорости кадров и расчёта;Не удалёнка
4. Согласования;Бумага / обходной;Раздел руководителя + согласование со смартфона;С дней до минут
4. Согласования;Мессенджеры / почта;Статусы / заместитель / прозрачность;Единый контур
4. Согласования;Уже удобно;Коротко;Не тратить время
5. Какой результат нужен;Быстрый старт: расчётные листки + самообслуживание;Сценарий «Старт»;Быстрый эффект
5. Какой результат нужен;Отпуска и отсутствия целиком;Сценарий «Отпуска»;Заявление→согласование→приказ
5. Какой результат нужен;Полноценный кадровый электронный документооборот;Подписи; приказы; журнал; архив; (+ приём кандидата);Юридическая значимость и архив в 1С
6. Масштаб;До 50 сотрудников;Тарифы и пакет быстрого старта;Бухгалтер совмещает роли
6. Масштаб;50–200;Старт + сопровождение;Типовые маршруты
6. Масштаб;200+;Пилот + дорожная карта;Дополнительные печатные формы
7. Кто влияет на решение;Руководитель / собственник / финансы;Эффект; риски; контроль; экономия;Решение и бюджет
7. Кто влияет на решение;Главный бухгалтер / кадры;Рутина и скорость;Меньше обращений
7. Кто влияет на решение;ИТ / безопасность;Встроено в 1С; безопасность; локальная версия;Без отдельной HR-платформы
7. Кто влияет на решение;Несколько ролей;Сценарий под разные роли;Идеальный состав встречи
